[{"name":"Favicon","settings":[{"type":"image_picker","id":"favicon","label":"Favicon image","info":"Will be scaled down to 32 x 32px"}]},{"name":"Register page","settings":[{"type":"text","id":"title","label":"Heading","default":"Talk about your brand"},{"type":"richtext","id":"text","label":"Text","default":"<p>Use this text to share information about your brand with your customers. Describe a product, share announcements, or welcome customers to your store.<\/p>"},{"type":"text","id":"text-textlink","label":"Read more text"},{"type":"text","id":"text-link","label":"Read more text link"},{"type":"text","id":"title1","label":"Heading","default":"Talk about your brand"},{"type":"richtext","id":"text1","label":"Text","default":"<p>Use this text to share information about your brand with your customers. Describe a product, share announcements, or welcome customers to your store.<\/p>"},{"type":"text","id":"text-textlink1","label":"Read more text"},{"type":"text","id":"text-link1","label":"Read more text link"}]},{"name":"blog author","settings":[{"type":"image_picker","id":"blog_author_img","label":"blog author image"},{"type":"text","id":"blog_author_title","label":"blog_author name"},{"type":"text","id":"blog_author_tag","label":"blog_author tag"},{"type":"image_picker","id":"blog_author_img1","label":"blog author image"},{"type":"text","id":"blog_author_title1","label":"blog_author name"},{"type":"text","id":"blog_author_tag1","label":"blog_author tag"},{"type":"image_picker","id":"blog_author_img2","label":"blog author image"},{"type":"text","id":"blog_author_title2","label":"blog_author name"},{"type":"text","id":"blog_author_tag2","label":"blog_author tag"},{"type":"image_picker","id":"blog_author_img3","label":"blog author image"},{"type":"text","id":"blog_author_title3","label":"blog_author name"},{"type":"text","id":"blog_author_tag3","label":"blog_author tag"},{"type":"image_picker","id":"blog_author_img4","label":"blog author image"},{"type":"text","id":"blog_author_title4","label":"blog_author name"},{"type":"text","id":"blog_author_tag4","label":"blog_author tag"}]},{"name":"General","settings":[{"type":"header","content":"Editor Css"},{"type":"checkbox","id":"display_csseditor","label":"Enable Editor Css","default":false},{"type":"header","content":"Preset Custom"},{"type":"select","id":"custom_preset_main","label":"Select Preset","options":[{"value":"white","label":"White"},{"value":"dark","label":"Dark"}]},{"type":"header","content":"Layout Style"},{"type":"radio","id":"layout_body","label":"Select Layout","options":[{"value":"body_ltr","label":"Laytout LTR"},{"value":"body_rtl","label":"Laytout RTL"}]},{"type":"checkbox","id":"layout_fullpage","label":"Enable Layout FullPage","default":false},{"type":"text","id":"body_font_size","label":"Body Font Size","default":"12","info":"Default Value: 12"},{"type":"radio","id":"bg_body_img","label":"Background image","options":[{"value":"bg-body.png","label":"Uploaded image"},{"value":"none","label":"Solid color (no image)"}]},{"type":"radio","id":"bg_body_position_x","label":"Horizontal position","options":[{"value":"left","label":"Left"},{"value":"center","label":"Center"},{"value":"right","label":"Right"}]},{"type":"radio","id":"bg_body_position_y","label":"Vertical position","options":[{"value":"top","label":"Top"},{"value":"center","label":"Center"},{"value":"bottom","label":"Bottom"}]},{"type":"select","id":"bg_body_repeat","label":"Repeat","options":[{"value":"repeat","label":"Horizontally and vertically"},{"value":"repeat-x","label":"Horizontally only"},{"value":"repeat-y","label":"Vertically only"},{"value":"no-repeat","label":"Don't repeat"}]},{"type":"select","id":"bg_body_attachment","label":"Attachment","options":[{"value":"scroll","label":"Scroll"},{"value":"fixed","label":"Fixed"}]},{"type":"image","id":"bg-body.png","label":"Upload a new image"},{"type":"header","content":"Breadcrumb"},{"type":"checkbox","id":"display_breadcrumb","label":"Enable Breadcrumb","default":true},{"type":"text","id":"padding_background_breadcrumb","label":"Padding (Top, Bottom)","default":"150","info":"padding-top, padding-bottom"},{"type":"checkbox","id":"display_backgound_images","label":"Display background Images?","default":true},{"type":"image","id":"images-bg-breadcrum.jpg","label":"Background Breadcrumb","max-width":3000},{"type":"select","id":"breadcrumb_text_transform","label":"Breadcrumb Text Transform","options":[{"value":"uppercase","label":"Uppercase"},{"value":"capitalize","label":"Capitalize"},{"value":"lowercase","label":"Lowercase"},{"value":"full-width","label":"Full-width"}],"default":"capitalize","info":"Default Value: capitalize"},{"type":"text","id":"breadcrumb_align","label":"Breadcrumb Align","default":"left, center, right","info":"Default Value: left"}]},{"name":"Dark Style","settings":[{"type":"header","content":"Body"},{"type":"color","id":"dark_body_color","label":"Text Color","default":"#cccccc","info":"Default Value: #cccccc"},{"type":"color","id":"dark_body_link_color","label":"Link Color","default":"#ffffff","info":"Default Value: #ffffff"},{"type":"color","id":"dark_body_link_color_hover","label":"Link Color Hover","default":"#ffb200","info":"Default Value: #ffb200"},{"type":"color","id":"dark_bg_body_color","label":"Background color","default":"#1a1a1a","info":"Default Value: #1a1a1a"},{"type":"header","content":"Header Background Color"},{"type":"color","id":"dark_bg_header_color","label":"Background Color","default":"#1a1a1a"},{"type":"header","content":"Header Menu"},{"type":"color","id":"dark_background_megamenu_ticky","label":"Background Sticky Menu ","default":"#fff","info":"Default Value: #fff"},{"type":"color","id":"dark_link_megamenu_ticky","label":"Color Link Top Sticky Menu ","default":"#000","info":"Default Value: #000"},{"type":"color","id":"dark_link_hover_megamenu_ticky","label":"Color Link Hover Sticky Menu ","default":"#999","info":"Default Value: #999"},{"type":"color","id":"dark_color_megamenu_ticky_icon","label":"Color Icon Ticky","default":"#000","info":"Default Value: #000"},{"type":"color","id":"dark_color_megamenu_ticky_text_cart","label":"Color Count Cart","default":"#fff","info":"Default Value: #fff"},{"type":"color","id":"dark_color_megamenu_ticky_icon_cart","label":"Background Count Cart","default":"#c7b299","info":"Default Value: #c7b299"},{"type":"header","content":"Color Megamenu"},{"type":"color","id":"dark_link_color_levertop","label":"Link Color Lever Top","default":"#2d2d2d","info":"Default Value: #2d2d2d"},{"type":"color","id":"dark_link_color_levertop_hover","label":"Link Color Hover Lever Top ","default":"#fff","info":"Default Value: #fff"},{"type":"color","id":"dark_background_dropdown","label":"Background Dropdown","default":"#2d2d2d","info":"Default Value: #2d2d2d"},{"type":"color","id":"dark_link_color_title","label":"Link Color Title Dropdown ","default":"#fff","info":"Default Value: #fff"},{"type":"color","id":"dark_link_color_sub_menu","label":"Link Color Submenu ","default":"#fff","info":"Default Value: #fff"},{"type":"color","id":"dark_link_color_sub_menu_hover","label":"Link Color Hover Submenu  ","default":"#666","info":"Default Value: #666"},{"type":"header","content":"Footer"},{"type":"color","id":"dark_bg_footer_color","label":"Footer top background color","default":"#2e2e2e"},{"type":"color","id":"dark_footer_title_color","label":"Title Color","default":"#fff"},{"type":"color","id":"dark_footer_link_color","label":"Link Color","default":"#6f6f6f"},{"type":"color","id":"dark_footer_link_hover","label":"Link Color Hover","default":"#a499c9"},{"type":"color","id":"dark_footerbottom_link_color","label":"Footer Text Color","default":"#5d5d5d"}]},{"name":"White Style","settings":[{"type":"header","content":"Body"},{"type":"color","id":"body_color","label":"Text Color","default":"#2d2d2d","info":"Default Value: #2d2d2d"},{"type":"color","id":"body_link_color","label":"Link Color","default":"#848484","info":"Default Value: #848484"},{"type":"color","id":"body_link_color_hover","label":"Link Color Hover","default":"#a499c9","info":"Default Value: #a499c9"},{"type":"color","id":"bg_body_color","label":"Background color","default":"#fff"},{"type":"header","content":"Header Background Color"},{"type":"color","id":"bg_header_color","label":"Background color","default":"#fff"},{"type":"header","content":"Header Menu"},{"type":"color","id":"background_megamenu_ticky","label":"Background Sticky Menu ","default":"#fff","info":"Default Value: #fff"},{"type":"color","id":"link_megamenu_ticky","label":"Link Color Top Sticky Menu ","default":"#000","info":"Default Value: #000"},{"type":"color","id":"link_hover_megamenu_ticky","label":"Link Color Hover Sticky Menu ","default":"#999","info":"Default Value: #999"},{"type":"color","id":"color_megamenu_ticky_icon","label":"Icon Color ITicky","default":"#000","info":"Default Value: #000"},{"type":"color","id":"color_megamenu_ticky_text_cart","label":"Count Cart Color","default":"#fff","info":"Default Value: #fff"},{"type":"color","id":"color_megamenu_ticky_icon_cart","label":"Background Count Cart","default":"#c7b299","info":"Default Value: #c7b299"},{"type":"header","content":"Color Megamenu"},{"type":"color","id":"link_color_levertop","label":"Link Color Lever Top","default":"#2d2d2d","info":"Default Value: #2d2d2d"},{"type":"color","id":"link_color_levertop_hover","label":"Link Color Hover Lever Top ","default":"#fff","info":"Default Value: #fff"},{"type":"color","id":"background_dropdown","label":"Background Dropdown","default":"#2d2d2d","info":"Default Value: #2d2d2d"},{"type":"color","id":"link_color_title","label":"Link Color Title Dropdown ","default":"#fff","info":"Default Value: #fff"},{"type":"color","id":"link_color_sub_menu","label":"Link Color Submenu ","default":"#fff","info":"Default Value: #fff"},{"type":"color","id":"link_color_sub_menu_hover","label":"Link Color Hover Submenu  ","default":"#666","info":"Default Value: #666"},{"type":"header","content":"Footer"},{"type":"color","id":"bg_footer_color","label":"Footer background color","default":"#2e2e2e"},{"type":"color","id":"footer_title_color","label":"Title Color","default":"#fff"},{"type":"color","id":"footer_link_color","label":"Link Color","default":"#6f6f6f"},{"type":"color","id":"footer_link_hover","label":"Link Color Hover","default":"#a499c9"},{"type":"color","id":"footerbottom_link_color","label":"Footer Bottom Text Color","default":"#5d5d5d"}]},{"name":"Color","settings":[{"type":"header","content":"Breadcrumb"},{"type":"color","id":"breadcrumb_bg_color","label":"Background Color","default":"#fff","info":"Default Value: #fff"},{"type":"color","id":"breadcrumb_border_color","label":"Bottom Border Color","default":"#ebebeb","info":"Default Value: #ebebeb, show in collection page"},{"type":"color","id":"breadcrumb_color","label":"Text Color","default":"#fff","info":"Default Value: #fff"},{"type":"header","content":"Header Menu"},{"type":"checkbox","id":"display_megamenu","label":"Enable MegaMenu","default":true},{"type":"header","content":"Primary Button"},{"type":"color","id":"primary_button_bg_color","label":"Background Color","default":"#a499c9","info":"Default Value: #a499c9"},{"type":"color","id":"primary_button_border_color","label":"Border Color","default":"#a499c9","info":"Default Value: #a499c9"},{"type":"color","id":"primary_button_text_color","label":"Text Color","default":"#fff","info":"Default Value: #fff"},{"type":"color","id":"primary_button_bg_color_hover","label":"Background Color Hover","default":"#333","info":"Default Value: #333"},{"type":"color","id":"primary_button_border_color_hover","label":"Border Color Hover","default":"#333","info":"Default Value: #333"},{"type":"color","id":"primary_button_text_color_hover","label":"Text Color Hover","default":"#fff","info":"Default Value: #fff"},{"type":"header","content":"Secondary Button"},{"type":"color","id":"second_button_bg_color","label":"Background Color","default":"#42454c","info":"Default Value: #42454c"},{"type":"color","id":"second_button_border_color","label":"Border Color","default":"#42454c","info":"Default Value: #42454c"},{"type":"color","id":"second_button_text_color","label":"Text Color","default":"#fff","info":"Default Value: #fff"},{"type":"color","id":"second_button_bg_color_hover","label":"Background Color Hover","default":"#000","info":"Default Value: #000"},{"type":"color","id":"second_button_border_color_hover","label":"Border Color Hover","default":"#000","info":"Default Value: #000"},{"type":"color","id":"second_button_text_color_hover","label":"Text Color","default":"#fff","info":"Default Value: #fff"},{"type":"header","content":"Third Button"},{"type":"color","id":"btn3_bg","label":"Background Color","default":"transparent","info":"Default Value: transparent"},{"type":"color","id":"btn3_border","label":"Border Color","default":"#fff","info":"Default Value: #fff"},{"type":"color","id":"btn3_text","label":"Text Color","default":"#fff","info":"Default Value: #fff"},{"type":"color","id":"btn3_bg_hv","label":"Background Color Hover","default":"#fff","info":"Default Value: #fff"},{"type":"color","id":"btn3_border_hv","label":"Border Color Hover","default":"#fff","info":"Default Value: #fff"},{"type":"color","id":"btn3_text_hv","label":"Text Color","default":"#a499c9","info":"Default Value: #a499c9"}]},{"name":"Typography","settings":[{"type":"select","id":"enable_font","label":"Select Font","options":[{"value":"google_font","label":"Google Font"},{"value":"custom_font","label":"Custom Font"}]},{"type":"header","content":"Font 1"},{"type":"paragraph","content":"used for Level Top Menu, Header Top, Page Title, Block Title, Button Text"},{"type":"text","id":"fonts_name_1","label":"Fonts Name 1","default":"Ubuntu Mono"},{"type":"header","content":"Font 2"},{"type":"paragraph","content":"used for Body Text"},{"type":"text","id":"fonts_name_2","label":"Fonts Name 2","default":"Poppins"},{"type":"header","content":"Font 3"},{"type":"paragraph","content":"used for Quickview button"},{"type":"text","id":"fonts_name_3","label":"Fonts Name 3","default":"Ubuntu Mono"},{"type":"header","content":"Font 4"},{"type":"paragraph","content":"used for Tag Link"},{"type":"text","id":"fonts_name_4","label":"Fonts Name 4","default":"Ubuntu Mono"}]},{"name":"Navigation","settings":[{"type":"checkbox","id":"display_ticky_menu","label":"Enable Sticky Menu","default":true,"info":"Sticky navigation (also called a fixed navigation) is basically a website menu that is locked into place at the top of the screen so that it does not disappear when the user scrolls down the page; in other words, it is accessible from anywhere on the website without having to scroll."}]},{"name":"MegaMenu Item 1","settings":[{"type":"checkbox","id":"menuitem_enable_1","label":"Enable"},{"type":"text","id":"menuitem_title_1","label":"Assign To Menu:","info":"(*) Enter \"Link Name\" of \"Navigation \/ Main Menu\" into Menu item 1 box"},{"type":"checkbox","id":"enable_hot_1","label":"Enable"},{"type":"text","id":"menuitem_title_label_1","label":"Label","info":"new\/hot\/sale"},{"type":"color","id":"menuitem_title_label_color_1","label":"Text Color ","default":"#666","info":"Default Value: #666"},{"type":"color","id":"menuitem_title_label_background_1","label":"Label Backround","default":"#666","info":"Default Value: #666"},{"type":"select","id":"header_megamenu_style_1","label":"MegaMenu Style","options":[{"value":"megamenu_1","label":"Style 1"},{"value":"megamenu_2","label":"Style 2"}]},{"type":"checkbox","id":"menuitem_fullwidth_1","label":"Enable Full Width","info":"If you check this option the dropdown menu will be stretched to the full width of the primary container."},{"type":"text","id":"menuitem_width_1","label":"Fixed Width","info":"Used pixcel (eg: 1000px). Leave empty if selected fullwidth."},{"type":"checkbox","id":"enable_img_1","label":"Enable Top image"},{"type":"image","id":"mega_col_1_1.png","label":"Mega Menu col 1 image"},{"type":"image","id":"mega_col_1_2.png","label":"Mega Menu col 2 image"},{"type":"image","id":"mega_col_1_3.png","label":"Mega Menu col 3 image"},{"type":"image","id":"mega_col_1_4.png","label":"Mega Menu col 4 image"},{"type":"image","id":"mega_col_1_5.png","label":"Mega Menu col 5 image"},{"type":"image","id":"mega_col_1_6.png","label":"Mega Menu col 6 image"},{"type":"checkbox","id":"menuitem_eblocklinks_1","label":"Enable List Links"},{"type":"text","id":"menuitem_columns_blocklinks_1","label":"Width: Number column of Links","default":"9","info":"Number of columns in a row (eg: 1..12, max-column:12) "},{"type":"text","id":"menuitem_columns_1","label":"Width: Number column of block","default":"4","info":"Number of columns in a row (eg: 1..12, max-column:12)"},{"type":"checkbox","id":"menuitem_eproduct_1","label":"Enable Product"},{"type":"text","id":"menuitem_columns_blockproducts_1","label":"Columns of block product","default":"3","info":"Number of columns in a row (eg: 1..12, max-column:12)"},{"type":"text","id":"menuitem_tproduct_1","label":"Product Title"},{"type":"collection","id":"menuitem_cproduct_1","label":"Product Item"},{"type":"text","id":"menuitem_nproduct_1","label":"Limit Product","default":"3","info":"number product(eg:1,2,3..)"},{"type":"checkbox","id":"menuitem_evideo_1","label":"Enable Video"},{"type":"textarea","id":"menuitem_cvideo_1","label":"Video Content","info":"Copy Video CODE from youtube, vimeo and put here"},{"type":"select","id":"megamenu_position_video_1","label":"Select Position","options":[{"value":"left_top","label":"Left - Top"},{"value":"right_top","label":"Top - Right"},{"value":"right_bottom","label":"Right - Bottom"},{"value":"left_bottom","label":"Bottom - Left"}]},{"type":"text","id":"position_video_ofsetx_1","label":"X (px)","default":"30","info":"(*) Enter Number"},{"type":"text","id":"position_video_ofsety_1","label":"Y (px)","default":"30","info":"(*) Enter Number"},{"type":"checkbox","id":"menuitem_eimage_1","label":"Enable Background Image"},{"type":"image","id":"mega_images_1.jpg","label":"image","max-width":1200,"max-height":500},{"type":"text","id":"menu_link_image_1","label":"Link Image","default":"#"},{"type":"select","id":"megamenu_position_image_1","label":"Select Position","options":[{"value":"left_top","label":"Left - Top"},{"value":"right_top","label":"Top - Right"},{"value":"right_bottom","label":"Right - Bottom"},{"value":"left_bottom","label":"Bottom - Left"}]},{"type":"text","id":"position_image_ofsetx_1","label":"X (px)","default":"30","info":"(*) Enter Number"},{"type":"text","id":"position_image_ofsety_1","label":"Y (px)","default":"30","info":"(*) Enter Number"},{"type":"checkbox","id":"menuitem_enable_custom_1","label":"Enable Custom Html"},{"type":"select","id":"megamenu_position_custom_html_1","label":"Block Align","options":[{"value":"top","label":"Top"},{"value":"bottom","label":"Bottom"}]},{"type":"textarea","id":"position_custom_html_1","label":"Custom Html","default":"Custom Html"}]},{"name":"MegaMenu Item 2","settings":[{"type":"checkbox","id":"menuitem_enable_2","label":"Enable"},{"type":"text","id":"menuitem_title_2","label":"Assign To Menu:","info":"(*) Enter \"Link Name\" of \"Navigation \/ Main Menu\" into Menu item 2 box"},{"type":"checkbox","id":"enable_hot_2","label":"Enable"},{"type":"text","id":"menuitem_title_label_2","label":"Label","info":"new\/hot\/sale"},{"type":"color","id":"menuitem_title_label_color_2","label":"Text Color ","default":"#666","info":"Default Value: #666"},{"type":"color","id":"menuitem_title_label_background_2","label":"Label Backround","default":"#666","info":"Default Value: #666"},{"type":"select","id":"header_megamenu_style_2","label":"MegaMenu Style","options":[{"value":"megamenu_1","label":"Style 1"},{"value":"megamenu_2","label":"Style 2"}]},{"type":"checkbox","id":"menuitem_fullwidth_2","label":"Enable Full Width","info":"If you check this option the dropdown menu will be stretched to the full width of the primary container."},{"type":"text","id":"menuitem_width_2","label":"Fixed Width","info":"Used pixcel (eg: 1000px). Leave empty if selected fullwidth."},{"type":"checkbox","id":"enable_img_2","label":"Enable Top image"},{"type":"image","id":"mega_col_2_1.png","label":"Mega Menu col 1 image"},{"type":"image","id":"mega_col_2_2.png","label":"Mega Menu col 2 image"},{"type":"image","id":"mega_col_2_3.png","label":"Mega Menu col 3 image"},{"type":"image","id":"mega_col_2_4.png","label":"Mega Menu col 4 image"},{"type":"image","id":"mega_col_2_5.png","label":"Mega Menu col 5 image"},{"type":"image","id":"mega_col_2_6.png","label":"Mega Menu col 6 image"},{"type":"checkbox","id":"menuitem_eblocklinks_2","label":"Enable List Links"},{"type":"text","id":"menuitem_columns_blocklinks_2","label":"Width: Number column of Links","default":"9","info":"Number of columns in a row (eg: 1..12, max-column:12)"},{"type":"text","id":"menuitem_columns_2","label":"Width: Number column of block","default":"3","info":"Number of columns in a row (eg: 1..12, max-column:12)"},{"type":"checkbox","id":"menuitem_eproduct_2","label":"Enable Product"},{"type":"text","id":"menuitem_columns_blockproducts_2","label":"Columns of block product","default":"3","info":"Number of columns in a row (eg: 1..12, max-column:12)"},{"type":"text","id":"menuitem_tproduct_2","label":"Product Title"},{"type":"collection","id":"menuitem_cproduct_2","label":"Product Item"},{"type":"text","id":"menuitem_nproduct_2","label":"Limit Product","default":"3","info":"number product(eg:1,2,3..)"},{"type":"checkbox","id":"menuitem_evideo_2","label":"Enable Video"},{"type":"textarea","id":"menuitem_cvideo_2","label":"Video Content","info":"Copy Video CODE from youtube, vimeo and put here"},{"type":"select","id":"megamenu_position_video_2","label":"Select Position","options":[{"value":"left_top","label":"Left - Top"},{"value":"right_top","label":"Top - Right"},{"value":"right_bottom","label":"Right - Bottom"},{"value":"left_bottom","label":"Bottom - Left"}]},{"type":"text","id":"position_video_ofsetx_2","label":"X (px)","default":"30","info":"(*) Enter Number"},{"type":"text","id":"position_video_ofsety_2","label":"Y (px)","default":"30","info":"(*) Enter Number"},{"type":"checkbox","id":"menuitem_eimage_2","label":"Enable Background Image"},{"type":"image","id":"mega_images_2.jpg","label":"image","max-width":1200,"max-height":500},{"type":"text","id":"menu_link_image_2","label":"Link Image","default":"#"},{"type":"select","id":"megamenu_position_image_2","label":"Select Position","options":[{"value":"left_top","label":"Left - Top"},{"value":"right_top","label":"Top - Right"},{"value":"right_bottom","label":"Right - Bottom"},{"value":"left_bottom","label":"Bottom - Left"}]},{"type":"text","id":"position_image_ofsetx_2","label":"X (px)","default":"30","info":"(*) Enter Number"},{"type":"text","id":"position_image_ofsety_2","label":"Y (px)","default":"30","info":"(*) Enter Number"},{"type":"checkbox","id":"menuitem_enable_custom_2","label":"Enable Custom Html"},{"type":"select","id":"megamenu_position_custom_html_2","label":"Block Align","options":[{"value":"top","label":"Top"},{"value":"bottom","label":"Bottom"}]},{"type":"textarea","id":"position_custom_html_2","label":"Custom Html","default":"Custom Html"}]},{"name":"MegaMenu Item 3","settings":[{"type":"checkbox","id":"menuitem_enable_3","label":"Enable"},{"type":"text","id":"menuitem_title_3","label":"Assign To Menu:","info":"(*) Enter \"Link Name\" of \"Navigation \/ Main Menu\" into Menu item 3 box"},{"type":"checkbox","id":"enable_hot_3","label":"Enable"},{"type":"text","id":"menuitem_title_label_3","label":"Label","info":"new\/hot\/sale"},{"type":"color","id":"menuitem_title_label_color_3","label":"Text Color ","default":"#666","info":"Default Value: #666"},{"type":"color","id":"menuitem_title_label_background_3","label":"Label Backround","default":"#666","info":"Default Value: #666"},{"type":"select","id":"header_megamenu_style_3","label":"MegaMenu Style","options":[{"value":"megamenu_1","label":"Style 1"},{"value":"megamenu_2","label":"Style 2"}]},{"type":"checkbox","id":"menuitem_fullwidth_3","label":"Enable Full Width","info":"If you check this option the dropdown menu will be stretched to the full width of the primary container."},{"type":"text","id":"menuitem_width_3","label":"Fixed Width","info":"Used pixcel (eg: 1000px). Leave empty if selected fullwidth."},{"type":"checkbox","id":"enable_img_3","label":"Enable Top image"},{"type":"image","id":"mega_col_3_1.png","label":"Mega Menu col 1 image"},{"type":"image","id":"mega_col_3_2.png","label":"Mega Menu col 2 image"},{"type":"image","id":"mega_col_3_3.png","label":"Mega Menu col 3 image"},{"type":"image","id":"mega_col_3_4.png","label":"Mega Menu col 4 image"},{"type":"image","id":"mega_col_3_5.png","label":"Mega Menu col 5 image"},{"type":"image","id":"mega_col_3_6.png","label":"Mega Menu col 6 image"},{"type":"checkbox","id":"menuitem_eblocklinks_3","label":"Enable List Links"},{"type":"text","id":"menuitem_columns_blocklinks_3","label":"Width: Number column of Links","default":"9","info":"Number of columns in a row (eg: 1..12, max-column:12)"},{"type":"text","id":"menuitem_columns_3","label":"Width: Number column of block","default":"4","info":"Number of columns in a row (eg: 1..12, max-column:12)"},{"type":"checkbox","id":"menuitem_eproduct_3","label":"Enable Product"},{"type":"text","id":"menuitem_columns_blockproducts_3","label":"Columns of block product","default":"3","info":"Number of columns in a row (eg: 1..12, max-column:12)"},{"type":"text","id":"menuitem_tproduct_3","label":"product title"},{"type":"collection","id":"menuitem_cproduct_3","label":"Product Item"},{"type":"text","id":"menuitem_nproduct_3","label":"Limit Product","default":"3","info":"number product(eg:1,2,3..)"},{"type":"checkbox","id":"menuitem_evideo_3","label":"Enable Video"},{"type":"textarea","id":"menuitem_cvideo_3","label":"Video Content 3","info":"Copy Video CODE from youtube, vimeo and put here"},{"type":"select","id":"megamenu_position_video_3","label":"Select Position","options":[{"value":"left_top","label":"Left - Top"},{"value":"right_top","label":"Top - Right"},{"value":"right_bottom","label":"Right - Bottom"},{"value":"left_bottom","label":"Bottom - Left"}]},{"type":"text","id":"position_video_ofsetx_3","label":"X (px)","default":"30","info":"(*) Enter Number"},{"type":"text","id":"position_video_ofsety_3","label":"Y (px)","default":"30","info":"(*) Enter Number"},{"type":"checkbox","id":"menuitem_eimage_3","label":"Enable Background Image"},{"type":"image","id":"mega_images_3.jpg","label":"image","max-width":1200,"max-height":500},{"type":"text","id":"menu_link_image_3","label":"Link Image","default":"#"},{"type":"select","id":"megamenu_position_image_3","label":"Select Position","options":[{"value":"left_top","label":"Left - Top"},{"value":"right_top","label":"Top - Right"},{"value":"right_bottom","label":"Right - Bottom"},{"value":"left_bottom","label":"Bottom - Left"}]},{"type":"text","id":"position_image_ofsetx_3","label":"X (px)","default":"30","info":"(*) Enter Number"},{"type":"text","id":"position_image_ofsety_3","label":"Y (px)","default":"30","info":"(*) Enter Number"},{"type":"checkbox","id":"menuitem_enable_custom_3","label":"Enable Custom Html"},{"type":"select","id":"megamenu_position_custom_html_3","label":"Block Align","options":[{"value":"top","label":"Top"},{"value":"bottom","label":"Bottom"}]},{"type":"textarea","id":"position_custom_html_3","label":"Custom Html","default":"Custom Html"}]},{"name":"MegaMenu Item 4","settings":[{"type":"checkbox","id":"menuitem_enable_4","label":"Enable"},{"type":"text","id":"menuitem_title_4","label":"Assign To Menu:","info":"(*) Enter \"Link Name\" of \"Navigation \/ Main Menu\" into Menu item 4 box"},{"type":"checkbox","id":"enable_hot_4","label":"Enable"},{"type":"text","id":"menuitem_title_label_4","label":"Label","info":"new\/hot\/sale"},{"type":"color","id":"menuitem_title_label_color_4","label":"Text Color ","default":"#666","info":"Default Value: #666"},{"type":"color","id":"menuitem_title_label_background_4","label":"Label Backround","default":"#666","info":"Default Value: #666"},{"type":"select","id":"header_megamenu_style_4","label":"MegaMenu Style","options":[{"value":"megamenu_1","label":"Style 1"},{"value":"megamenu_2","label":"Style 2"}]},{"type":"checkbox","id":"menuitem_fullwidth_4","label":"Enable Full Width","info":"If you check this option the dropdown menu will be stretched to the full width of the primary container."},{"type":"text","id":"menuitem_width_4","label":"Fixed Width","info":"Used pixcel (eg: 1000px). Leave empty if selected fullwidth."},{"type":"checkbox","id":"enable_img_4","label":"Enable Top image"},{"type":"image","id":"mega_col_4_1.png","label":"Mega Menu col 1 image"},{"type":"image","id":"mega_col_4_2.png","label":"Mega Menu col 2 image"},{"type":"image","id":"mega_col_4_3.png","label":"Mega Menu col 3 image"},{"type":"image","id":"mega_col_4_4.png","label":"Mega Menu col 4 image"},{"type":"image","id":"mega_col_4_5.png","label":"Mega Menu col 5 image"},{"type":"image","id":"mega_col_4_6.png","label":"Mega Menu col 6 image"},{"type":"checkbox","id":"menuitem_eblocklinks_4","label":"Enable List Links"},{"type":"text","id":"menuitem_columns_blocklinks_4","label":"Width: Number column of Links","default":"9","info":"Number of columns in a row (eg: 1..12, max-column:12)"},{"type":"text","id":"menuitem_columns_4","label":"Width: Number column of block","default":"3","info":"Number of columns in a row (eg: 1..12, max-column:12)"},{"type":"checkbox","id":"menuitem_eproduct_4","label":"Enable Product"},{"type":"text","id":"menuitem_columns_blockproducts_4","label":"Columns of block product","default":"3","info":"Number of columns in a row (eg: 1..12, max-column:12)"},{"type":"text","id":"menuitem_tproduct_4","label":"product title"},{"type":"collection","id":"menuitem_cproduct_4","label":"Product Item"},{"type":"text","id":"menuitem_nproduct_4","label":"Limit Product","default":"3","info":"number product(eg:1,2,3..)"},{"type":"checkbox","id":"menuitem_evideo_4","label":"Enable Video"},{"type":"textarea","id":"menuitem_cvideo_4","label":"Video Content","info":"Copy Video CODE from youtube, vimeo and put here"},{"type":"select","id":"megamenu_position_video_4","label":"Select Position","options":[{"value":"left_top","label":"Left - Top"},{"value":"right_top","label":"Top - Right"},{"value":"right_bottom","label":"Right - Bottom"},{"value":"left_bottom","label":"Bottom - Left"}]},{"type":"text","id":"position_video_ofsetx_4","label":"X (px)","default":"30","info":"(*) Enter Number"},{"type":"text","id":"position_video_ofsety_4","label":"Y (px)","default":"30","info":"(*) Enter Number"},{"type":"checkbox","id":"menuitem_eimage_4","label":"Enable Background Image"},{"type":"image","id":"mega_images_4.jpg","label":"image","max-width":1200,"max-height":500},{"type":"text","id":"menu_link_image_4","label":"Link Image","default":"#"},{"type":"select","id":"megamenu_position_image_4","label":"Select Position","options":[{"value":"left_top","label":"Left - Top"},{"value":"right_top","label":"Top - Right"},{"value":"right_bottom","label":"Right - Bottom"},{"value":"left_bottom","label":"Bottom - Left"}]},{"type":"text","id":"position_image_ofsetx_4","label":"X (px)","default":"30","info":"(*) Enter Number"},{"type":"text","id":"position_image_ofsety_4","label":"Y (px)","default":"30","info":"(*) Enter Number"},{"type":"checkbox","id":"menuitem_enable_custom_4","label":"Enable Custom Html"},{"type":"select","id":"megamenu_position_custom_html_4","label":"Block Align","options":[{"value":"top","label":"Top"},{"value":"bottom","label":"Bottom"}]},{"type":"textarea","id":"position_custom_html_4","label":"Custom Html","default":"Custom Html"}]},{"name":"MegaMenu Item 5","settings":[{"type":"checkbox","id":"menuitem_enable_5","label":"Enable"},{"type":"text","id":"menuitem_title_5","label":"Assign To Menu:","info":"(*) Enter \"Link Name\" of \"Navigation \/ Main Menu\" into Menu item 5 box"},{"type":"checkbox","id":"enable_hot_5","label":"Enable"},{"type":"text","id":"menuitem_title_label_5","label":"Label","info":"new\/hot\/sale"},{"type":"color","id":"menuitem_title_label_color_5","label":"Text Color ","default":"#666","info":"Default Value: #666"},{"type":"color","id":"menuitem_title_label_background_5","label":"Label Backround","default":"#666","info":"Default Value: #666"},{"type":"select","id":"header_megamenu_style_5","label":"MegaMenu Style","options":[{"value":"megamenu_1","label":"Style 1"},{"value":"megamenu_2","label":"Style 2"}]},{"type":"checkbox","id":"menuitem_fullwidth_5","label":"Enable Full Width","info":"If you check this option the dropdown menu will be stretched to the full width of the primary container."},{"type":"text","id":"menuitem_width_5","label":"Fixed Width","info":"Used pixcel (eg: 1000px). Leave empty if selected fullwidth."},{"type":"checkbox","id":"enable_img_5","label":"Enable Top image"},{"type":"image","id":"mega_col_5_1.png","label":"Mega Menu col 1 image"},{"type":"image","id":"mega_col_5_2.png","label":"Mega Menu col 2 image"},{"type":"image","id":"mega_col_5_3.png","label":"Mega Menu col 3 image"},{"type":"image","id":"mega_col_5_4.png","label":"Mega Menu col 4 image"},{"type":"image","id":"mega_col_5_5.png","label":"Mega Menu col 5 image"},{"type":"image","id":"mega_col_5_6.png","label":"Mega Menu col 6 image"},{"type":"checkbox","id":"menuitem_eblocklinks_5","label":"Enable List Links"},{"type":"text","id":"menuitem_columns_blocklinks_5","label":"Width: Number column of Links","default":"9","info":"Number of columns in a row (eg: 1..12, max-column:12)"},{"type":"text","id":"menuitem_columns_5","label":"Width: Number column of block","default":"3","info":"Number of columns in a row (eg: 1..12, max-column:12)"},{"type":"checkbox","id":"menuitem_eproduct_5","label":"Enable Product"},{"type":"text","id":"menuitem_columns_blockproducts_5","label":"Columns of block product","default":"3","info":"Number of columns in a row (eg: 1..12, max-column:12)"},{"type":"text","id":"menuitem_tproduct_5","label":"product title 5"},{"type":"collection","id":"menuitem_cproduct_5","label":"Product Item"},{"type":"text","id":"menuitem_nproduct_5","label":"Limit Product","default":"3","info":"number product(eg:1,2,3..)"},{"type":"checkbox","id":"menuitem_evideo_5","label":"Enable Video"},{"type":"textarea","id":"menuitem_cvideo_5","label":"Video Content","info":"Copy Video CODE from youtube, vimeo and put here"},{"type":"select","id":"megamenu_position_video_5","label":"Select Position","options":[{"value":"left_top","label":"Left - Top"},{"value":"right_top","label":"Top - Right"},{"value":"right_bottom","label":"Right - Bottom"},{"value":"left_bottom","label":"Bottom - Left"}]},{"type":"text","id":"position_video_ofsetx_5","label":"X (px)","default":"30","info":"(*) Enter Number"},{"type":"text","id":"position_video_ofsety_5","label":"Y (px)","default":"30","info":"(*) Enter Number"},{"type":"checkbox","id":"menuitem_eimage_5","label":"Enable Background Image"},{"type":"image","id":"mega_images_5.jpg","label":"image","max-width":1200,"max-height":500},{"type":"text","id":"menu_link_image_5","label":"Link Image","default":"#"},{"type":"select","id":"megamenu_position_image_5","label":"Select Position","options":[{"value":"left_top","label":"Left - Top"},{"value":"right_top","label":"Top - Right"},{"value":"right_bottom","label":"Right - Bottom"},{"value":"left_bottom","label":"Bottom - Left"}]},{"type":"text","id":"position_image_ofsetx_5","label":"X (px)","default":"30","info":"(*) Enter Number"},{"type":"text","id":"position_image_ofsety_5","label":"Y (px)","default":"30","info":"(*) Enter Number"},{"type":"checkbox","id":"menuitem_enable_custom_5","label":"Enable Custom Html"},{"type":"select","id":"megamenu_position_custom_html_5","label":"Block Align","options":[{"value":"top","label":"Top"},{"value":"bottom","label":"Bottom"}]},{"type":"textarea","id":"position_custom_html_5","label":"Custom Html","default":"Custom Html"}]},{"name":"Newsletter","settings":[{"type":"header","content":"Popup Newsletter"},{"type":"checkbox","id":"display_popup_newsletter","label":"Enable Popup Newsletter","default":true},{"type":"image","id":"logo_popupnews.png","label":"Logo popup newsletter"},{"type":"text","id":"popup_newsletter_title","label":"Popup Newsletter Title"},{"type":"text","id":"popup_newsletter_sub_title","label":"Popup Newsletter Sub Title"},{"type":"text","id":"popup_newsletter_message","label":"Popup Newsletter Message"},{"type":"textarea","id":"footer_newsletter_go","label":"Newsletter Button Text","default":"GO"},{"type":"text","id":"mailing_list_form_action","label":"MailChimp form action URL","info":"[Where do I find my MailChimp form action URL?](http:\/\/docs.shopify.com\/support\/configuration\/store-customization\/where-do-i-get-my-mailchimp-form-action)"}]},{"name":"Product Item","settings":[{"type":"checkbox","id":"product_add_tocart","label":"Enable Add To Cart","default":false},{"type":"image_picker","id":"ProductImageimg2","label":"Product Image"},{"type":"header","content":"Product Image"},{"type":"checkbox","id":"product_image_hover","label":"Product Hover images","default":true},{"type":"checkbox","id":"product_style_images_click","label":"Click List swatch"},{"type":"checkbox","id":"product_image_resize","label":"Resize image","info":"If your images don't have the same size, pleases turn on resize image to have better look."},{"type":"checkbox","id":"product_image_crop","label":"Crop image"},{"type":"text","id":"product_image_ratio_width","label":"Average ratio of product image (Width:Height)","default":"1"},{"type":"text","id":"product_image_ratio_height","label":":","default":"1.35"},{"type":"paragraph","content":"i.e: 1:2, 1:1.5 or 3:4"},{"type":"header","content":"Product Tag"},{"type":"color","id":"sale_tag_color","label":"Product Label Color","default":"#fff","info":"Default Value: #fff"},{"type":"color","id":"Second_sale_tag_bg_color","label":"Second Product Label Background Color","default":"#8cdbe4","info":"Default Value: #8cdbe4"},{"type":"header","content":"Price Color"},{"type":"color","id":"price_color_compare","label":"Price Color compare","default":"#666666","info":"Default Value: #666666"},{"type":"color","id":"price_color","label":"Price Color","default":"#a499c0","info":"Default Value: #a499c0"}]},{"name":"Wishlist","settings":[{"type":"checkbox","id":"enable_wishlist","label":"Enable wishlist","default":true}]},{"name":"Multi Languages","settings":[{"type":"header","content":"Multi Languages"},{"type":"checkbox","id":"enable_multilang","label":"Enable","default":true},{"type":"text","id":"lange_1","label":"Language 1","default":"English"},{"type":"image","id":"flag_icon_1.png","label":"Language 1 Icon","max-width":16,"max-height":11,"info":"16px x 11px .png"},{"type":"text","id":"lange_2","label":"Language 2","default":"French"},{"type":"image","id":"flag_icon_2.png","label":"Language 2 Icon","max-width":16,"max-height":11,"info":"16px x 11px .png"}]},{"name":"Currency","settings":[{"type":"checkbox","id":"show_multiple_currencies","label":"Allow shopper to see prices in his own currency"},{"type":"paragraph","content":"Although you will be able to display prices on your store front in different currencies, Shopify will still process orders in your shop's currency."},{"type":"select","id":"currency_format","label":"Money format","options":[{"value":"money_format","label":"Without Currency, ex: $10.00"},{"value":"money_with_currency_format","label":"With Currency, ex: $10 CAD"}],"default":"money_format"},{"type":"text","id":"supported_currencies_1","label":"Currencies 1 you wish to support","default":"USD"},{"type":"image","id":"currencies_img_1.png","label":"Currencies 1 icon","max-width":50,"max-height":30,"info":"Size: 50px x 30px"},{"type":"text","id":"supported_currencies_2","label":"Currencies 2 you wish to support","default":"EUR"},{"type":"image","id":"currencies_img_2.png","label":"Currencies 2 icon","max-width":50,"max-height":30,"info":"Size: 50px x 30px"},{"type":"text","id":"supported_currencies_3","label":"Currencies 3 you wish to support","default":"AUD"},{"type":"image","id":"currencies_img_3.png","label":"Currencies 3 icon","max-width":50,"max-height":30,"info":"Size: 50px x 30px"},{"type":"text","id":"supported_currencies_4","label":"Currencies 4 you wish to support","default":"GBP"},{"type":"image","id":"currencies_img_4.png","label":"Currencies 4 icon","max-width":50,"max-height":30,"info":"Size: 50px x 30px"},{"type":"text","id":"supported_currencies_5","label":"Currencies 5 you wish to support","default":"JPY"},{"type":"image","id":"currencies_img_5.png","label":"Currencies 5 icon","max-width":50,"max-height":30,"info":"Size: 50px x 30px"}]},{"name":"Cart","settings":[{"type":"checkbox","id":"cart_notes","label":"Allow customers to add notes to their order","default":true,"info":"Only enabled in the ajax cart if you use your cart.liquid markup. See docs below."},{"type":"checkbox","id":"ajax_cart","label":"Enable Ajax Cart","default":true}]}]